<?xml version="1.0" encoding="UTF-8"?>
<project-private xmlns="http://www.netbeans.org/ns/project-private/1">
    <editor-bookmarks xmlns="http://www.netbeans.org/ns/editor-bookmarks/2" lastBookmarkId="0"/>
    <open-files xmlns="http://www.netbeans.org/ns/projectui-open-files/2">
        <group>
            <file>file:/D:/Alejandro/Lucha_Game/src/lucha_game/Guerrero.java</file>
            <file>file:/D:/Alejandro/Lucha_Game/src/lucha_game/Lucha_Game.java</file>
            <file>file:/D:/Alejandro/Lucha_Game/src/lucha_game/Espadachin.java</file>
            <file>file:/D:/Alejandro/Lucha_Game/src/lucha_game/Mago.java</file>
            <file>file:/D:/Alejandro/Lucha_Game/src/lucha_game/Magibow.java</file>
            <file>file:/D:/Alejandro/Lucha_Game/src/lucha_game/Peleador.java</file>
            <file>file:/D:/Alejandro/Lucha_Game/src/lucha_game/Luchador.java</file>
            <file>file:/D:/Alejandro/Lucha_Game/src/lucha_game/Arquero.java</file>
        </group>
    </open-files>
</project-private>
